transaction_id,order_date,customer_id,customer_name,product_category,product_name,quantity,unit_price,total_amount,payment_method,region,order_status
1001,2024-01-15,CUST-0101,戴志偉,居家生活,負離子智能空氣清淨機,2,8900,17800,貨到付款,東部,已完成
1002,2024-04-03,CUST-0102,方宥勝,食品生鮮,有機低溫慢烘綜合頂級堅果,2,650,1300,信用卡,北部,已完成
1003,2024-02-23,CUST-0103,蘇俊宏,食品生鮮,頂級日本A5和牛燒肉片,1,2800,2800,信用卡,南部,處理中
1004,2024-06-14,CUST-0104,洪郁雯,居家生活,智能氣炸鍋 5.5L,3,3280,9840,銀行轉帳,東部,已完成
1005,2024-07-22,CUST-0105,呂承恩,服飾配件,科技彈性透氣慢跑排汗衫,2,890,1780,貨到付款,中部,已出貨
1006,2024-01-15,CUST-0106,林佳玲,服飾配件,科技彈性透氣慢跑排汗衫,1,890,890,銀行轉帳,北部,已出貨
1007,2024-02-28,CUST-0107,洪郁雯,運動戶外,高回彈避震競速慢跑鞋,4,4200,16800,信用卡,東部,已完成
1008,2024-05-13,CUST-0108,戴志偉,居家生活,恆溫超音波香氛水氧機,5,1280,6400,信用卡,北部,已完成
1009,2024-08-11,CUST-0109,蔡家豪,美妝保養,極清爽物理水感防曬乳,1,880,880,LINE Pay,東部,處理中
1010,2024-04-19,CUST-0110,薛雅淳,服飾配件,日系修身重磅牛仔褲,5,1980,9900,銀行轉帳,中部,已完成
1011,2024-10-25,CUST-0111,戴志偉,美妝保養,微晶深層煥膚去角質泥,3,1150,3450,LINE Pay,中部,已完成
1012,2024-06-16,CUST-0112,徐詠心,3C電子,iPad Air 11吋,3,19900,59700,貨到付款,北部,已出貨
1013,2024-06-27,CUST-0113,張敏捷,服飾配件,科技彈性透氣慢跑排汗衫,3,890,2670,LINE Pay,北部,已完成
1014,2024-12-01,CUST-0114,曾冠宇,運動戶外,登山鋁合金避震三截式登山杖,1,1680,1680,信用卡,中部,處理中
1015,2024-05-03,CUST-0115,葉沛玲,服飾配件,科技彈性透氣慢跑排汗衫,2,890,1780,貨到付款,中部,已完成
1016,2024-04-28,CUST-0116,黃文強,美妝保養,極清爽物理水感防曬乳,4,880,3520,LINE Pay,北部,已完成
1017,2024-04-05,CUST-0117,游啟華,運動戶外,登山鋁合金避震三截式登山杖,3,1680,5040,LINE Pay,中部,已完成
1018,2024-05-12,CUST-0118,謝佳穎,居家生活,負離子智能空氣清淨機,1,8900,8900,LINE Pay,南部,已完成
1019,2024-05-16,CUST-0119,黃文強,食品生鮮,阿里山高山手採烏龍茶禮盒,6,1800,10800,信用卡,東部,已完成
1020,2024-03-25,CUST-0120,方宥勝,食品生鮮,高蛋白低卡乳清蛋白飲 1kg,4,1380,5520,銀行轉帳,南部,已完成
1021,2024-09-28,CUST-0121,柯靜宜,3C電子,MacBook Air M2,2,34105,68210,信用卡,南部,已完成
1022,2024-02-23,CUST-0122,蔡家豪,居家生活,負離子智能空氣清淨機,5,8900,44500,銀行轉帳,中部,已完成
1023,2024-06-18,CUST-0123,游啟華,服飾配件,日系修身重磅牛仔褲,1,1980,1980,信用卡,東部,已出貨
1024,2024-08-10,CUST-0124,鄭宇翔,居家生活,恆溫超音波香氛水氧機,3,1280,3840,貨到付款,南部,已完成
1025,2024-08-19,CUST-0125,林佳玲,運動戶外,無毒環保高密度加厚瑜珈墊,2,1350,2700,貨到付款,中部,已完成
1026,2024-07-02,CUST-0126,徐詠心,服飾配件,日系修身重磅牛仔褲,2,1980,3960,銀行轉帳,中部,處理中
1027,2024-11-16,CUST-0127,陳雅婷,運動戶外,無毒環保高密度加厚瑜珈墊,6,1350,8100,LINE Pay,北部,已完成
1028,2024-11-10,CUST-0128,姚政憲,食品生鮮,有機低溫慢烘綜合頂級堅果,4,650,2600,信用卡,東部,已完成
1029,2024-06-16,CUST-0129,謝佳穎,美妝保養,植萃深層溫和卸妝油,3,950,2850,信用卡,南部,處理中
1030,2024-10-28,CUST-0130,謝佳穎,3C電子,iPad Air 11吋,5,19900,99500,LINE Pay,東部,已完成
1031,2024-12-23,CUST-0131,鄭宇翔,居家生活,智能氣炸鍋 5.5L,7,3280,22960,銀行轉帳,南部,已完成
1032,2024-11-05,CUST-0132,曾冠宇,3C電子,MacBook Air M2,2,35900,71800,貨到付款,中部,處理中
1033,2024-03-13,CUST-0133,宋語桐,美妝保養,極清爽物理水感防曬乳,5,880,4400,LINE Pay,東部,已完成
1034,2024-08-07,CUST-0134,鄭宇翔,居家生活,天然乳膠舒眠防蟎枕,3,1580,4740,LINE Pay,南部,已完成
1035,2024-07-11,CUST-0135,鄭宇翔,食品生鮮,巴拿馬藝伎濾掛精品咖啡禮盒,1,1200,1200,貨到付款,中部,處理中
1036,2024-07-01,CUST-0136,宋語桐,服飾配件,超輕量保暖防風羽絨外套,1,3880,3880,信用卡,中部,已完成
1037,2024-09-06,CUST-0137,陳雅婷,運動戶外,抗撕裂戶外雙人速開帳篷,2,5800,11600,貨到付款,東部,已完成
1038,2024-10-28,CUST-0138,劉依涵,運動戶外,無毒環保高密度加厚瑜珈墊,3,1350,4050,信用卡,南部,已出貨
1039,2024-08-17,CUST-0139,劉依涵,運動戶外,無毒環保高密度加厚瑜珈墊,3,1350,4050,LINE Pay,南部,處理中
1040,2024-10-25,CUST-0140,洪郁雯,服飾配件,科技彈性透氣慢跑排汗衫,1,890,890,銀行轉帳,中部,已完成
1041,2024-10-18,CUST-0141,彭舒婷,3C電子,機械鍵盤 RGB青軸,4,2746,10984,貨到付款,北部,已完成
1042,2024-06-05,CUST-0142,林佳玲,居家生活,全自動美式咖啡機,4,4500,18000,貨到付款,南部,已出貨
1043,2024-06-17,CUST-0143,徐詠心,居家生活,恆溫超音波香氛水氧機,6,1280,7680,信用卡,北部,已完成
1044,2024-05-24,CUST-0144,游啟華,食品生鮮,高蛋白低卡乳清蛋白飲 1kg,2,1380,2760,貨到付款,中部,處理中
1045,2024-10-24,CUST-0145,鄭宇翔,3C電子,AirPods Pro 2代,3,7116,21348,銀行轉帳,南部,已完成
1046,2024-10-08,CUST-0146,呂承恩,運動戶外,高回彈避震競速慢跑鞋,4,4200,16800,銀行轉帳,中部,已完成
1047,2024-04-10,CUST-0147,游啟華,運動戶外,無毒環保高密度加厚瑜珈墊,3,1350,4050,信用卡,北部,已完成
1048,2024-11-22,CUST-0148,楊子軒,3C電子,iPhone 15 Pro 128G,2,36900,73800,貨到付款,中部,處理中
1049,2024-05-13,CUST-0149,宋語桐,3C電子,機械鍵盤 RGB青軸,3,2746,8238,貨到付款,東部,已完成
1050,2024-01-15,CUST-0150,彭舒婷,服飾配件,超輕量保暖防風羽絨外套,5,3880,19400,銀行轉帳,東部,處理中
1051,2024-07-09,CUST-0101,吳思妤,3C電子,機械鍵盤 RGB青軸,2,2890,5780,銀行轉帳,東部,已出貨
1052,2024-10-05,CUST-0102,莊詠婕,居家生活,全自動美式咖啡機,3,4500,13500,信用卡,東部,已完成
1053,2024-11-23,CUST-0103,宋語桐,食品生鮮,高蛋白低卡乳清蛋白飲 1kg,3,1380,4140,信用卡,北部,已完成
1054,2024-11-22,CUST-0104,張敏捷,居家生活,全自動美式咖啡機,2,4500,9000,銀行轉帳,中部,已完成
1055,2024-03-15,CUST-0105,張敏捷,居家生活,全自動美式咖啡機,4,4500,18000,貨到付款,北部,已完成
1056,2024-07-20,CUST-0106,楊子軒,美妝保養,極清爽物理水感防曬乳,5,880,4400,LINE Pay,南部,處理中
1057,2024-06-28,CUST-0107,蔡家豪,運動戶外,高回彈避震競速慢跑鞋,5,4200,21000,銀行轉帳,北部,已出貨
1058,2024-02-11,CUST-0108,戴志偉,食品生鮮,高蛋白低卡乳清蛋白飲 1kg,6,1380,8280,貨到付款,中部,已完成
1059,2024-06-21,CUST-0109,葉沛玲,3C電子,GaN 65W 快充充電頭,5,990,4950,信用卡,南部,已出貨
1060,2024-03-19,CUST-0110,曾冠宇,美妝保養,植萃深層溫和卸妝油,5,950,4750,信用卡,北部,處理中
1061,2024-09-12,CUST-0111,許欣怡,服飾配件,極簡都會防潑水後背包,4,2680,10720,信用卡,東部,已完成
1062,2024-11-04,CUST-0112,鄭宇翔,服飾配件,科技彈性透氣慢跑排汗衫,3,890,2670,貨到付款,北部,已完成
1063,2024-11-03,CUST-0113,曾冠宇,運動戶外,智能筋膜按摩槍 Pro,2,2980,5960,信用卡,中部,已完成
1064,2024-02-03,CUST-0114,劉依涵,居家生活,全自動美式咖啡機,3,4500,13500,LINE Pay,北部,已完成
1065,2024-10-12,CUST-0115,徐詠心,3C電子,AirPods Pro 2代,6,7116,42696,銀行轉帳,東部,已完成
1066,2024-08-12,CUST-0116,戴志偉,居家生活,負離子智能空氣清淨機,4,8900,35600,LINE Pay,南部,已出貨
1067,2024-09-02,CUST-0117,彭舒婷,食品生鮮,頂級日本A5和牛燒肉片,4,2800,11200,貨到付款,東部,已完成
1068,2024-03-17,CUST-0118,方宥勝,3C電子,AirPods Pro 2代,3,7490,22470,LINE Pay,南部,處理中
1069,2024-10-28,CUST-0119,姚政憲,食品生鮮,有機低溫慢烘綜合頂級堅果,5,650,3250,貨到付款,中部,已完成
1070,2024-01-19,CUST-0120,洪郁雯,食品生鮮,高蛋白低卡乳清蛋白飲 1kg,5,1380,6900,貨到付款,東部,已完成
1071,2024-09-15,CUST-0121,李宗翰,食品生鮮,有機低溫慢烘綜合頂級堅果,5,650,3250,LINE Pay,南部,已完成
1072,2024-03-26,CUST-0122,鄧巧翎,美妝保養,高保濕玻尿酸修護精華露,1,1850,1850,貨到付款,北部,已完成
1073,2024-09-20,CUST-0123,曾冠宇,美妝保養,植萃深層溫和卸妝油,3,950,2850,信用卡,南部,已完成
1074,2024-12-17,CUST-0124,柯靜宜,運動戶外,無毒環保高密度加厚瑜珈墊,5,1350,6750,銀行轉帳,中部,已完成
1075,2024-03-15,CUST-0125,宋語桐,食品生鮮,頂級日本A5和牛燒肉片,2,2800,5600,貨到付款,東部,已完成
1076,2024-02-01,CUST-0126,王小明,食品生鮮,高蛋白低卡乳清蛋白飲 1kg,5,1380,6900,信用卡,東部,已完成
1077,2024-04-26,CUST-0127,呂承恩,居家生活,負離子智能空氣清淨機,5,8900,44500,銀行轉帳,南部,處理中
1078,2024-02-14,CUST-0128,楊子軒,服飾配件,超輕量保暖防風羽絨外套,1,3880,3880,貨到付款,北部,已完成
1079,2024-10-01,CUST-0129,莊詠婕,美妝保養,海洋膠原胜肽彈潤乳霜,1,2400,2400,LINE Pay,南部,已完成
1080,2024-12-14,CUST-0130,曾冠宇,居家生活,天然乳膠舒眠防蟎枕,1,1580,1580,信用卡,北部,已出貨
1081,2024-04-12,CUST-0131,蘇俊宏,服飾配件,科技彈性透氣慢跑排汗衫,2,890,1780,LINE Pay,北部,已完成
1082,2024-11-13,CUST-0132,呂承恩,服飾配件,義大利頭層牛皮短夾,3,2450,7350,LINE Pay,中部,已完成
1083,2024-05-03,CUST-0133,姚政憲,美妝保養,植萃深層溫和卸妝油,3,950,2850,貨到付款,北部,已完成
1084,2024-10-16,CUST-0134,許欣怡,居家生活,減壓人體工學工藝網椅,3,6800,20400,貨到付款,北部,已完成
1085,2024-04-05,CUST-0135,曾冠宇,美妝保養,海洋膠原胜肽彈潤乳霜,3,2400,7200,信用卡,北部,已完成
1086,2024-06-14,CUST-0136,方宥勝,居家生活,全自動美式咖啡機,2,4500,9000,LINE Pay,北部,已出貨
1087,2024-10-26,CUST-0137,楊子軒,美妝保養,極清爽物理水感防曬乳,5,880,4400,貨到付款,東部,已完成
1088,2024-04-19,CUST-0138,柯靜宜,3C電子,磁吸無線行動電源 10000mAh,3,1406,4218,銀行轉帳,中部,已完成
1089,2024-03-20,CUST-0139,呂承恩,食品生鮮,高蛋白低卡乳清蛋白飲 1kg,1,1380,1380,LINE Pay,北部,處理中
1090,2024-12-06,CUST-0140,徐詠心,美妝保養,植萃深層溫和卸妝油,2,950,1900,信用卡,北部,已出貨
1091,2024-08-10,CUST-0141,洪郁雯,食品生鮮,巴拿馬藝伎濾掛精品咖啡禮盒,6,1200,7200,信用卡,北部,已完成
1092,2024-01-24,CUST-0142,薛雅淳,3C電子,磁吸無線行動電源 10000mAh,4,1480,5920,信用卡,南部,已出貨
1093,2024-08-05,CUST-0143,姚政憲,居家生活,恆溫超音波香氛水氧機,4,1280,5120,LINE Pay,東部,處理中
1094,2024-11-02,CUST-0144,姚政憲,3C電子,AirPods Pro 2代,2,7116,14232,銀行轉帳,北部,已完成
1095,2024-06-28,CUST-0145,謝佳穎,美妝保養,高保濕玻尿酸修護精華露,2,1850,3700,LINE Pay,北部,已完成
1096,2024-02-27,CUST-0146,楊子軒,食品生鮮,阿里山高山手採烏龍茶禮盒,1,1800,1800,貨到付款,北部,已完成
1097,2024-08-11,CUST-0147,鄧巧翎,3C電子,iPhone 15 Pro 128G,4,35055,140220,LINE Pay,北部,已完成
1098,2024-03-07,CUST-0148,黃文強,服飾配件,日系修身重磅牛仔褲,1,1980,1980,信用卡,中部,已完成
1099,2024-01-07,CUST-0149,林佳玲,運動戶外,無毒環保高密度加厚瑜珈墊,5,1350,6750,LINE Pay,南部,已完成
1100,2024-09-12,CUST-0150,林佳玲,食品生鮮,巴拿馬藝伎濾掛精品咖啡禮盒,2,1200,2400,銀行轉帳,南部,已完成
1101,2024-05-02,CUST-0101,張敏捷,3C電子,AirPods Pro 2代,1,7490,7490,信用卡,東部,已完成
1102,2024-04-07,CUST-0102,潘冠廷,3C電子,GaN 65W 快充充電頭,3,990,2970,信用卡,北部,已完成
1103,2024-03-19,CUST-0103,陳雅婷,居家生活,恆溫超音波香氛水氧機,4,1280,5120,銀行轉帳,南部,已完成
1104,2024-05-16,CUST-0104,張敏捷,服飾配件,日系修身重磅牛仔褲,4,1980,7920,LINE Pay,北部,處理中
1105,2024-07-20,CUST-0105,張敏捷,3C電子,iPad Air 11吋,4,19900,79600,貨到付款,東部,已完成
1106,2024-04-18,CUST-0106,王小明,居家生活,恆溫超音波香氛水氧機,4,1280,5120,LINE Pay,中部,已完成
1107,2024-01-04,CUST-0107,潘冠廷,3C電子,iPad Air 11吋,2,19900,39800,LINE Pay,南部,處理中
1108,2024-01-12,CUST-0108,徐詠心,居家生活,恆溫超音波香氛水氧機,4,1280,5120,貨到付款,北部,處理中
1109,2024-09-07,CUST-0109,宋語桐,3C電子,iPhone 15 Pro 128G,5,35055,175275,信用卡,南部,已完成
1110,2024-06-26,CUST-0110,葉沛玲,美妝保養,極清爽物理水感防曬乳,3,880,2640,銀行轉帳,南部,處理中
1111,2024-06-04,CUST-0111,謝佳穎,食品生鮮,巴拿馬藝伎濾掛精品咖啡禮盒,3,1200,3600,信用卡,中部,處理中
1112,2024-03-16,CUST-0112,陳雅婷,居家生活,負離子智能空氣清淨機,3,8900,26700,銀行轉帳,北部,已完成
1113,2024-04-05,CUST-0113,吳思妤,居家生活,負離子智能空氣清淨機,3,8900,26700,銀行轉帳,北部,已完成
1114,2024-05-12,CUST-0114,李宗翰,3C電子,MacBook Air M2,4,35900,143600,貨到付款,東部,處理中
1115,2024-03-15,CUST-0115,劉依涵,運動戶外,登山鋁合金避震三截式登山杖,5,1680,8400,貨到付款,東部,已完成
1116,2024-12-11,CUST-0116,王小明,服飾配件,極簡都會防潑水後背包,4,2680,10720,銀行轉帳,北部,已出貨
1117,2024-03-13,CUST-0117,宋語桐,居家生活,智能氣炸鍋 5.5L,1,3280,3280,LINE Pay,中部,已完成
1118,2024-02-09,CUST-0118,鄧巧翎,3C電子,MacBook Air M2,6,34105,204630,銀行轉帳,北部,已完成
1119,2024-08-03,CUST-0119,蘇俊宏,居家生活,智能氣炸鍋 5.5L,5,3280,16400,信用卡,東部,已出貨
1120,2024-03-13,CUST-0120,薛雅淳,居家生活,減壓人體工學工藝網椅,3,6800,20400,LINE Pay,北部,已出貨
1121,2024-12-13,CUST-0121,姚政憲,3C電子,磁吸無線行動電源 10000mAh,3,1406,4218,LINE Pay,東部,已完成
1122,2024-08-08,CUST-0122,張敏捷,服飾配件,超輕量保暖防風羽絨外套,1,3880,3880,LINE Pay,北部,已出貨
1123,2024-05-11,CUST-0123,陳雅婷,居家生活,天然乳膠舒眠防蟎枕,5,1580,7900,信用卡,北部,已出貨
1124,2024-01-27,CUST-0124,彭舒婷,3C電子,機械鍵盤 RGB青軸,6,2746,16476,銀行轉帳,中部,已完成
1125,2024-05-01,CUST-0125,洪郁雯,居家生活,減壓人體工學工藝網椅,2,6800,13600,銀行轉帳,東部,處理中
1126,2024-12-21,CUST-0126,柯靜宜,3C電子,機械鍵盤 RGB青軸,1,2890,2890,信用卡,東部,已完成
1127,2024-10-07,CUST-0127,楊子軒,運動戶外,登山鋁合金避震三截式登山杖,6,1680,10080,LINE Pay,南部,已完成
1128,2024-01-01,CUST-0128,薛雅淳,運動戶外,登山鋁合金避震三截式登山杖,5,1680,8400,貨到付款,南部,處理中
1129,2024-11-13,CUST-0129,謝佳穎,美妝保養,海洋膠原胜肽彈潤乳霜,4,2400,9600,信用卡,中部,已完成
1130,2024-06-21,CUST-0130,楊子軒,食品生鮮,高蛋白低卡乳清蛋白飲 1kg,5,1380,6900,銀行轉帳,南部,已完成
1131,2024-04-08,CUST-0131,呂承恩,美妝保養,極清爽物理水感防曬乳,4,880,3520,信用卡,東部,已出貨
1132,2024-04-20,CUST-0132,葉沛玲,食品生鮮,高蛋白低卡乳清蛋白飲 1kg,3,1380,4140,銀行轉帳,南部,已完成
1133,2024-06-24,CUST-0133,劉依涵,運動戶外,登山鋁合金避震三截式登山杖,6,1680,10080,信用卡,中部,已完成
1134,2024-08-26,CUST-0134,彭舒婷,食品生鮮,阿里山高山手採烏龍茶禮盒,4,1800,7200,銀行轉帳,南部,已完成
1135,2024-07-08,CUST-0135,謝佳穎,3C電子,MacBook Air M2,2,35900,71800,銀行轉帳,南部,已出貨
1136,2024-03-02,CUST-0136,王小明,3C電子,磁吸無線行動電源 10000mAh,3,1406,4218,信用卡,南部,已完成
1137,2024-03-06,CUST-0137,游啟華,美妝保養,微晶深層煥膚去角質泥,1,1150,1150,貨到付款,中部,處理中
1138,2024-03-13,CUST-0138,陳雅婷,食品生鮮,巴拿馬藝伎濾掛精品咖啡禮盒,3,1200,3600,銀行轉帳,南部,已出貨
1139,2024-10-02,CUST-0139,鄧巧翎,運動戶外,抗撕裂戶外雙人速開帳篷,5,5800,29000,信用卡,中部,已完成
1140,2024-03-07,CUST-0140,葉沛玲,服飾配件,科技彈性透氣慢跑排汗衫,4,890,3560,信用卡,東部,已出貨
1141,2024-04-24,CUST-0141,柯靜宜,3C電子,AirPods Pro 2代,4,7490,29960,銀行轉帳,北部,已完成
1142,2024-08-26,CUST-0142,戴志偉,美妝保養,植萃深層溫和卸妝油,3,950,2850,LINE Pay,東部,已完成
1143,2024-09-06,CUST-0143,李宗翰,居家生活,恆溫超音波香氛水氧機,3,1280,3840,貨到付款,北部,已完成
1144,2024-02-28,CUST-0144,許欣怡,居家生活,天然乳膠舒眠防蟎枕,3,1580,4740,LINE Pay,北部,已出貨
1145,2024-10-19,CUST-0145,蔡家豪,服飾配件,超輕量保暖防風羽絨外套,4,3880,15520,LINE Pay,東部,已完成
1146,2024-05-06,CUST-0146,林佳玲,居家生活,負離子智能空氣清淨機,5,8900,44500,信用卡,東部,處理中
1147,2024-06-11,CUST-0147,吳思妤,運動戶外,登山鋁合金避震三截式登山杖,3,1680,5040,貨到付款,北部,已出貨
1148,2024-07-16,CUST-0148,蘇俊宏,居家生活,智能氣炸鍋 5.5L,5,3280,16400,LINE Pay,東部,已完成
1149,2024-01-15,CUST-0149,薛雅淳,服飾配件,極簡都會防潑水後背包,5,2680,13400,LINE Pay,北部,處理中
1150,2024-12-16,CUST-0150,楊子軒,運動戶外,智能筋膜按摩槍 Pro,5,2980,14900,銀行轉帳,東部,已出貨
1151,2024-01-12,CUST-0101,王小明,居家生活,天然乳膠舒眠防蟎枕,6,1580,9480,貨到付款,東部,已完成
1152,2024-05-23,CUST-0102,徐詠心,服飾配件,日系修身重磅牛仔褲,4,1980,7920,銀行轉帳,南部,處理中
1153,2024-08-10,CUST-0103,薛雅淳,美妝保養,微晶深層煥膚去角質泥,4,1150,4600,信用卡,南部,已出貨
1154,2024-05-27,CUST-0104,曾冠宇,運動戶外,登山鋁合金避震三截式登山杖,5,1680,8400,銀行轉帳,北部,已完成
1155,2024-03-16,CUST-0105,柯靜宜,食品生鮮,有機低溫慢烘綜合頂級堅果,5,650,3250,貨到付款,北部,處理中
1156,2024-11-25,CUST-0106,張敏捷,運動戶外,抗撕裂戶外雙人速開帳篷,5,5800,29000,貨到付款,東部,處理中
1157,2024-04-03,CUST-0107,鄭宇翔,服飾配件,超輕量保暖防風羽絨外套,5,3880,19400,LINE Pay,北部,已完成
1158,2024-09-06,CUST-0108,李宗翰,食品生鮮,頂級日本A5和牛燒肉片,5,2800,14000,LINE Pay,北部,已出貨
1159,2024-04-02,CUST-0109,楊子軒,運動戶外,登山鋁合金避震三截式登山杖,4,1680,6720,銀行轉帳,中部,已出貨
1160,2024-09-06,CUST-0110,鄭宇翔,美妝保養,高保濕玻尿酸修護精華露,4,1850,7400,信用卡,南部,已完成
1161,2024-12-17,CUST-0111,黃文強,美妝保養,極清爽物理水感防曬乳,2,880,1760,LINE Pay,北部,已完成
1162,2024-03-10,CUST-0112,柯靜宜,居家生活,負離子智能空氣清淨機,2,8900,17800,LINE Pay,中部,已完成
1163,2024-10-18,CUST-0113,游啟華,居家生活,天然乳膠舒眠防蟎枕,7,1580,11060,貨到付款,東部,已完成
1164,2024-08-03,CUST-0114,鄭宇翔,服飾配件,日系修身重磅牛仔褲,5,1980,9900,銀行轉帳,中部,處理中
1165,2024-01-03,CUST-0115,李宗翰,食品生鮮,阿里山高山手採烏龍茶禮盒,5,1800,9000,銀行轉帳,北部,處理中
1166,2024-10-02,CUST-0116,張敏捷,運動戶外,登山鋁合金避震三截式登山杖,5,1680,8400,LINE Pay,北部,已完成
1167,2024-11-06,CUST-0117,楊子軒,3C電子,磁吸無線行動電源 10000mAh,3,1406,4218,信用卡,東部,已完成
1168,2024-11-24,CUST-0118,彭舒婷,食品生鮮,阿里山高山手採烏龍茶禮盒,2,1800,3600,信用卡,南部,已完成
1169,2024-11-18,CUST-0119,李宗翰,美妝保養,極清爽物理水感防曬乳,4,880,3520,信用卡,南部,已完成
1170,2024-03-11,CUST-0120,張敏捷,運動戶外,智能筋膜按摩槍 Pro,2,2980,5960,銀行轉帳,東部,已出貨
1171,2024-12-08,CUST-0121,蔡家豪,運動戶外,無毒環保高密度加厚瑜珈墊,3,1350,4050,信用卡,東部,已完成
1172,2024-10-05,CUST-0122,謝佳穎,運動戶外,智能筋膜按摩槍 Pro,7,2980,20860,銀行轉帳,東部,已完成
1173,2024-12-22,CUST-0123,葉沛玲,居家生活,天然乳膠舒眠防蟎枕,2,1580,3160,銀行轉帳,北部,已完成
1174,2024-04-18,CUST-0124,蔡家豪,3C電子,iPhone 15 Pro 128G,4,36900,147600,LINE Pay,北部,處理中
1175,2024-11-25,CUST-0125,楊子軒,食品生鮮,阿里山高山手採烏龍茶禮盒,2,1800,3600,LINE Pay,南部,已完成
1176,2024-10-21,CUST-0126,張敏捷,美妝保養,高保濕玻尿酸修護精華露,4,1850,7400,貨到付款,北部,已出貨
1177,2024-05-22,CUST-0127,黃文強,3C電子,iPhone 15 Pro 128G,4,36900,147600,銀行轉帳,中部,處理中
1178,2024-06-19,CUST-0128,柯靜宜,居家生活,減壓人體工學工藝網椅,3,6800,20400,信用卡,東部,已完成
1179,2024-07-22,CUST-0129,李宗翰,食品生鮮,阿里山高山手採烏龍茶禮盒,1,1800,1800,信用卡,南部,處理中
1180,2024-11-19,CUST-0130,李宗翰,食品生鮮,巴拿馬藝伎濾掛精品咖啡禮盒,3,1200,3600,銀行轉帳,北部,已出貨
1181,2024-11-22,CUST-0131,莊詠婕,服飾配件,科技彈性透氣慢跑排汗衫,5,890,4450,信用卡,北部,已完成
1182,2024-06-28,CUST-0132,宋語桐,3C電子,GaN 65W 快充充電頭,3,990,2970,銀行轉帳,南部,已完成
1183,2024-09-26,CUST-0133,薛雅淳,食品生鮮,高蛋白低卡乳清蛋白飲 1kg,3,1380,4140,LINE Pay,東部,已完成
1184,2024-04-20,CUST-0134,呂承恩,食品生鮮,巴拿馬藝伎濾掛精品咖啡禮盒,3,1200,3600,信用卡,北部,已完成
1185,2024-02-14,CUST-0135,彭舒婷,服飾配件,義大利頭層牛皮短夾,3,2450,7350,LINE Pay,東部,已完成
1186,2024-10-08,CUST-0136,劉依涵,食品生鮮,頂級日本A5和牛燒肉片,5,2800,14000,信用卡,東部,已完成
1187,2024-05-07,CUST-0137,蔡家豪,3C電子,磁吸無線行動電源 10000mAh,6,1406,8436,貨到付款,北部,已完成
1188,2024-01-12,CUST-0138,方宥勝,運動戶外,登山鋁合金避震三截式登山杖,4,1680,6720,貨到付款,中部,已完成
1189,2024-08-07,CUST-0139,黃文強,3C電子,AirPods Pro 2代,5,7490,37450,LINE Pay,南部,已完成
1190,2024-04-06,CUST-0140,戴志偉,3C電子,機械鍵盤 RGB青軸,6,2746,16476,貨到付款,中部,已完成
1191,2024-06-15,CUST-0141,薛雅淳,3C電子,AirPods Pro 2代,4,7490,29960,銀行轉帳,中部,已完成
1192,2024-04-24,CUST-0142,洪郁雯,居家生活,全自動美式咖啡機,5,4500,22500,貨到付款,東部,處理中
1193,2024-02-24,CUST-0143,薛雅淳,服飾配件,超輕量保暖防風羽絨外套,4,3880,15520,貨到付款,南部,已完成
1194,2024-11-09,CUST-0144,鄧巧翎,3C電子,MacBook Air M2,3,35900,107700,銀行轉帳,東部,已出貨
1195,2024-12-18,CUST-0145,柯靜宜,美妝保養,極清爽物理水感防曬乳,5,880,4400,LINE Pay,東部,已完成
1196,2024-08-05,CUST-0146,方宥勝,運動戶外,無毒環保高密度加厚瑜珈墊,7,1350,9450,LINE Pay,南部,已完成
1197,2024-12-02,CUST-0147,宋語桐,服飾配件,超輕量保暖防風羽絨外套,3,3880,11640,銀行轉帳,南部,已完成
1198,2024-05-08,CUST-0148,徐詠心,美妝保養,植萃深層溫和卸妝油,4,950,3800,信用卡,北部,已完成
1199,2024-02-11,CUST-0149,徐詠心,食品生鮮,頂級日本A5和牛燒肉片,2,2800,5600,LINE Pay,東部,已完成
1200,2024-08-25,CUST-0150,呂承恩,美妝保養,高保濕玻尿酸修護精華露,2,1850,3700,信用卡,中部,處理中
1201,2024-11-07,CUST-0101,徐詠心,服飾配件,極簡都會防潑水後背包,1,2680,2680,貨到付款,東部,已完成
1202,2024-01-12,CUST-0102,姚政憲,居家生活,恆溫超音波香氛水氧機,5,1280,6400,貨到付款,南部,已完成
1203,2024-08-26,CUST-0103,宋語桐,居家生活,恆溫超音波香氛水氧機,1,1280,1280,銀行轉帳,中部,已出貨
1204,2024-03-02,CUST-0104,徐詠心,服飾配件,科技彈性透氣慢跑排汗衫,3,890,2670,貨到付款,北部,處理中
1205,2024-03-05,CUST-0105,鄧巧翎,服飾配件,義大利頭層牛皮短夾,3,2450,7350,信用卡,北部,已完成
1206,2024-03-24,CUST-0106,楊子軒,美妝保養,植萃深層溫和卸妝油,1,950,950,貨到付款,南部,處理中
1207,2024-05-23,CUST-0107,戴志偉,美妝保養,微晶深層煥膚去角質泥,1,1150,1150,信用卡,東部,已出貨
1208,2024-06-15,CUST-0108,彭舒婷,食品生鮮,有機低溫慢烘綜合頂級堅果,6,650,3900,貨到付款,東部,已完成
1209,2024-01-16,CUST-0109,蔡家豪,美妝保養,植萃深層溫和卸妝油,3,950,2850,貨到付款,中部,已完成
1210,2024-06-08,CUST-0110,洪郁雯,食品生鮮,高蛋白低卡乳清蛋白飲 1kg,1,1380,1380,信用卡,中部,已完成
1211,2024-04-14,CUST-0111,徐詠心,服飾配件,義大利頭層牛皮短夾,5,2450,12250,貨到付款,東部,已完成
1212,2024-02-16,CUST-0112,林佳玲,3C電子,iPhone 15 Pro 128G,5,36900,184500,信用卡,南部,處理中
1213,2024-12-07,CUST-0113,陳雅婷,3C電子,AirPods Pro 2代,2,7116,14232,信用卡,東部,已完成
1214,2024-03-19,CUST-0114,鄭宇翔,服飾配件,超輕量保暖防風羽絨外套,1,3880,3880,貨到付款,北部,已完成
1215,2024-08-13,CUST-0115,戴志偉,服飾配件,義大利頭層牛皮短夾,2,2450,4900,LINE Pay,東部,已完成
1216,2024-03-24,CUST-0116,蘇俊宏,運動戶外,智能筋膜按摩槍 Pro,2,2980,5960,信用卡,中部,已完成
1217,2024-10-22,CUST-0117,吳思妤,居家生活,負離子智能空氣清淨機,6,8900,53400,貨到付款,北部,已完成
1218,2024-07-20,CUST-0118,蘇俊宏,服飾配件,義大利頭層牛皮短夾,2,2450,4900,貨到付款,中部,已出貨
1219,2024-10-25,CUST-0119,薛雅淳,食品生鮮,頂級日本A5和牛燒肉片,4,2800,11200,LINE Pay,東部,已完成
1220,2024-08-21,CUST-0120,曾冠宇,3C電子,機械鍵盤 RGB青軸,5,2746,13730,銀行轉帳,東部,已完成
1221,2024-06-09,CUST-0121,李宗翰,3C電子,機械鍵盤 RGB青軸,5,2890,14450,銀行轉帳,南部,處理中
1222,2024-11-08,CUST-0122,洪郁雯,食品生鮮,有機低溫慢烘綜合頂級堅果,5,650,3250,信用卡,東部,已出貨
1223,2024-10-14,CUST-0123,宋語桐,運動戶外,登山鋁合金避震三截式登山杖,4,1680,6720,貨到付款,南部,已完成
1224,2024-08-04,CUST-0124,楊子軒,美妝保養,極清爽物理水感防曬乳,4,880,3520,信用卡,南部,處理中
1225,2024-12-08,CUST-0125,薛雅淳,運動戶外,抗撕裂戶外雙人速開帳篷,5,5800,29000,銀行轉帳,南部,已完成
1226,2024-08-23,CUST-0126,黃文強,服飾配件,日系修身重磅牛仔褲,4,1980,7920,貨到付款,中部,已完成
1227,2024-11-17,CUST-0127,蔡家豪,服飾配件,超輕量保暖防風羽絨外套,3,3880,11640,LINE Pay,南部,已完成
1228,2024-10-10,CUST-0128,黃文強,服飾配件,極簡都會防潑水後背包,1,2680,2680,信用卡,中部,已完成
1229,2024-07-22,CUST-0129,吳思妤,服飾配件,超輕量保暖防風羽絨外套,5,3880,19400,信用卡,南部,已完成
1230,2024-07-04,CUST-0130,曾冠宇,3C電子,iPhone 15 Pro 128G,4,36900,147600,銀行轉帳,東部,處理中
1231,2024-07-12,CUST-0131,李宗翰,居家生活,負離子智能空氣清淨機,1,8900,8900,貨到付款,北部,處理中
1232,2024-10-16,CUST-0132,李宗翰,服飾配件,義大利頭層牛皮短夾,3,2450,7350,銀行轉帳,中部,已完成
1233,2024-10-02,CUST-0133,曾冠宇,運動戶外,登山鋁合金避震三截式登山杖,5,1680,8400,LINE Pay,東部,已完成
1234,2024-08-18,CUST-0134,彭舒婷,食品生鮮,阿里山高山手採烏龍茶禮盒,5,1800,9000,貨到付款,北部,已完成
1235,2024-04-10,CUST-0135,姚政憲,3C電子,iPhone 15 Pro 128G,4,35055,140220,信用卡,東部,已完成
1236,2024-10-23,CUST-0136,游啟華,服飾配件,極簡都會防潑水後背包,5,2680,13400,銀行轉帳,南部,已完成
1237,2024-10-24,CUST-0137,彭舒婷,服飾配件,日系修身重磅牛仔褲,4,1980,7920,LINE Pay,東部,已完成
1238,2024-02-07,CUST-0138,洪郁雯,服飾配件,科技彈性透氣慢跑排汗衫,5,890,4450,銀行轉帳,東部,已完成
1239,2024-09-08,CUST-0139,林佳玲,服飾配件,極簡都會防潑水後背包,1,2680,2680,銀行轉帳,東部,已完成
1240,2024-11-21,CUST-0140,方宥勝,食品生鮮,頂級日本A5和牛燒肉片,2,2800,5600,貨到付款,北部,已出貨
1241,2024-03-25,CUST-0141,鄭宇翔,食品生鮮,高蛋白低卡乳清蛋白飲 1kg,4,1380,5520,貨到付款,東部,已完成
1242,2024-01-19,CUST-0142,王小明,居家生活,恆溫超音波香氛水氧機,4,1280,5120,貨到付款,東部,已完成
1243,2024-05-14,CUST-0143,曾冠宇,居家生活,全自動美式咖啡機,1,4500,4500,銀行轉帳,南部,已完成
1244,2024-01-17,CUST-0144,王小明,3C電子,MacBook Air M2,2,34105,68210,信用卡,南部,已完成
1245,2024-05-01,CUST-0145,鄧巧翎,居家生活,減壓人體工學工藝網椅,4,6800,27200,信用卡,南部,已出貨
1246,2024-07-08,CUST-0146,陳雅婷,3C電子,iPad Air 11吋,3,19900,59700,LINE Pay,中部,處理中
1247,2024-01-20,CUST-0147,李宗翰,美妝保養,植萃深層溫和卸妝油,4,950,3800,銀行轉帳,東部,已完成
1248,2024-02-13,CUST-0148,方宥勝,3C電子,AirPods Pro 2代,3,7490,22470,信用卡,東部,處理中
1249,2024-05-05,CUST-0149,葉沛玲,服飾配件,科技彈性透氣慢跑排汗衫,5,890,4450,信用卡,中部,處理中
1250,2024-05-28,CUST-0150,薛雅淳,居家生活,天然乳膠舒眠防蟎枕,3,1580,4740,銀行轉帳,中部,已完成
1251,2024-03-19,CUST-0101,蘇俊宏,運動戶外,無毒環保高密度加厚瑜珈墊,6,1350,8100,信用卡,中部,已完成
1252,2024-01-10,CUST-0102,陳雅婷,食品生鮮,高蛋白低卡乳清蛋白飲 1kg,5,1380,6900,信用卡,北部,已完成
1253,2024-08-07,CUST-0103,戴志偉,美妝保養,極清爽物理水感防曬乳,4,880,3520,銀行轉帳,東部,已完成
1254,2024-07-24,CUST-0104,葉沛玲,美妝保養,海洋膠原胜肽彈潤乳霜,3,2400,7200,信用卡,南部,已完成
1255,2024-09-11,CUST-0105,王小明,居家生活,減壓人體工學工藝網椅,2,6800,13600,LINE Pay,北部,已完成
1256,2024-04-22,CUST-0106,徐詠心,3C電子,iPhone 15 Pro 128G,6,35055,210330,信用卡,北部,已完成
1257,2024-12-13,CUST-0107,方宥勝,居家生活,天然乳膠舒眠防蟎枕,4,1580,6320,LINE Pay,東部,已完成
1258,2024-12-21,CUST-0108,姚政憲,居家生活,智能氣炸鍋 5.5L,2,3280,6560,貨到付款,北部,已完成
1259,2024-09-10,CUST-0109,張敏捷,運動戶外,抗撕裂戶外雙人速開帳篷,6,5800,34800,貨到付款,北部,已完成
1260,2024-10-22,CUST-0110,王小明,3C電子,AirPods Pro 2代,4,7116,28464,銀行轉帳,南部,已完成
1261,2024-04-16,CUST-0111,曾冠宇,運動戶外,抗撕裂戶外雙人速開帳篷,6,5800,34800,信用卡,中部,已完成
1262,2024-04-05,CUST-0112,王小明,3C電子,AirPods Pro 2代,3,7116,21348,貨到付款,北部,已完成
1263,2024-10-20,CUST-0113,劉依涵,運動戶外,智能筋膜按摩槍 Pro,6,2980,17880,銀行轉帳,東部,已完成
1264,2024-06-18,CUST-0114,吳思妤,服飾配件,超輕量保暖防風羽絨外套,2,3880,7760,銀行轉帳,中部,已完成
1265,2024-05-04,CUST-0115,黃文強,居家生活,智能氣炸鍋 5.5L,6,3280,19680,貨到付款,東部,已完成
1266,2024-02-17,CUST-0116,潘冠廷,美妝保養,植萃深層溫和卸妝油,1,950,950,貨到付款,北部,已完成
1267,2024-05-15,CUST-0117,陳雅婷,服飾配件,日系修身重磅牛仔褲,1,1980,1980,銀行轉帳,中部,已完成
1268,2024-02-05,CUST-0118,柯靜宜,食品生鮮,高蛋白低卡乳清蛋白飲 1kg,4,1380,5520,LINE Pay,東部,已完成
1269,2024-06-10,CUST-0119,王小明,美妝保養,微晶深層煥膚去角質泥,4,1150,4600,信用卡,中部,已完成
1270,2024-07-02,CUST-0120,姚政憲,食品生鮮,有機低溫慢烘綜合頂級堅果,6,650,3900,LINE Pay,東部,已完成
1271,2024-08-13,CUST-0121,葉沛玲,服飾配件,極簡都會防潑水後背包,5,2680,13400,信用卡,南部,已完成
1272,2024-06-03,CUST-0122,洪郁雯,食品生鮮,阿里山高山手採烏龍茶禮盒,6,1800,10800,貨到付款,北部,已完成
1273,2024-01-26,CUST-0123,王小明,運動戶外,抗撕裂戶外雙人速開帳篷,7,5800,40600,LINE Pay,東部,已完成
1274,2024-05-06,CUST-0124,黃文強,3C電子,iPad Air 11吋,5,18905,94525,貨到付款,中部,已完成
1275,2024-03-12,CUST-0125,戴志偉,3C電子,磁吸無線行動電源 10000mAh,4,1406,5624,貨到付款,北部,已完成
1276,2024-08-24,CUST-0126,彭舒婷,食品生鮮,高蛋白低卡乳清蛋白飲 1kg,2,1380,2760,LINE Pay,中部,已完成
1277,2024-04-14,CUST-0127,陳雅婷,服飾配件,科技彈性透氣慢跑排汗衫,4,890,3560,貨到付款,南部,已完成
1278,2024-03-28,CUST-0128,姚政憲,服飾配件,科技彈性透氣慢跑排汗衫,1,890,890,貨到付款,北部,已完成
1279,2024-10-22,CUST-0129,林佳玲,運動戶外,登山鋁合金避震三截式登山杖,7,1680,11760,信用卡,東部,已完成
1280,2024-08-05,CUST-0130,莊詠婕,運動戶外,高回彈避震競速慢跑鞋,6,4200,25200,信用卡,東部,已完成
1281,2024-06-02,CUST-0131,姚政憲,美妝保養,海洋膠原胜肽彈潤乳霜,2,2400,4800,銀行轉帳,南部,已完成
1282,2024-01-27,CUST-0132,宋語桐,服飾配件,科技彈性透氣慢跑排汗衫,2,890,1780,LINE Pay,南部,已完成
1283,2024-03-20,CUST-0133,洪郁雯,居家生活,恆溫超音波香氛水氧機,5,1280,6400,LINE Pay,東部,已完成
1284,2024-07-10,CUST-0134,林佳玲,食品生鮮,有機低溫慢烘綜合頂級堅果,2,650,1300,銀行轉帳,南部,已完成
1285,2024-01-28,CUST-0135,洪郁雯,食品生鮮,有機低溫慢烘綜合頂級堅果,4,650,2600,銀行轉帳,中部,已完成
1286,2024-05-24,CUST-0136,許欣怡,運動戶外,抗撕裂戶外雙人速開帳篷,6,5800,34800,銀行轉帳,南部,已完成
1287,2024-03-18,CUST-0137,姚政憲,美妝保養,植萃深層溫和卸妝油,5,950,4750,信用卡,東部,已完成
1288,2024-05-22,CUST-0138,游啟華,美妝保養,海洋膠原胜肽彈潤乳霜,3,2400,7200,銀行轉帳,南部,已完成
1289,2024-09-07,CUST-0139,謝佳穎,3C電子,磁吸無線行動電源 10000mAh,2,1406,2812,信用卡,北部,已完成
1290,2024-07-10,CUST-0140,蔡家豪,美妝保養,海洋膠原胜肽彈潤乳霜,1,2400,2400,銀行轉帳,北部,已完成
1291,2024-01-06,CUST-0141,徐詠心,服飾配件,極簡都會防潑水後背包,1,2680,2680,信用卡,南部,已完成
1292,2024-12-15,CUST-0142,王小明,服飾配件,極簡都會防潑水後背包,5,2680,13400,LINE Pay,北部,已完成
1293,2024-05-22,CUST-0143,莊詠婕,美妝保養,微晶深層煥膚去角質泥,2,1150,2300,LINE Pay,南部,已完成
1294,2024-02-12,CUST-0144,徐詠心,3C電子,iPhone 15 Pro 128G,2,35055,70110,LINE Pay,東部,已完成
1295,2024-11-24,CUST-0145,林佳玲,美妝保養,微晶深層煥膚去角質泥,2,1150,2300,貨到付款,南部,已完成
1296,2024-08-05,CUST-0146,吳思妤,食品生鮮,阿里山高山手採烏龍茶禮盒,5,1800,9000,貨到付款,東部,已完成
1297,2024-12-16,CUST-0147,王小明,美妝保養,植萃深層溫和卸妝油,1,950,950,銀行轉帳,南部,已完成
1298,2024-01-20,CUST-0148,林佳玲,居家生活,全自動美式咖啡機,4,4500,18000,銀行轉帳,北部,已完成
1299,2024-07-04,CUST-0149,洪郁雯,3C電子,磁吸無線行動電源 10000mAh,6,1406,8436,銀行轉帳,北部,已完成
1300,2024-06-18,CUST-0150,莊詠婕,服飾配件,義大利頭層牛皮短夾,4,2450,9800,貨到付款,中部,已完成